"Opportunity Name","Randomized Order","Research Initiative","Bridge Name","GPS (Latitude)","GPS (Longitude)","Level 1 Government","Level 3 Government","Level 4 Government","Stage","Sub-Stage","Individuals Directly Served","Bridge Type","Span (m)","Ground Breaking Date","Close Date","CaseSafeID","Project Code","Close Month","B2P Fiscal Year","Level 2 Government"
"Rwanda - Cyabami (Kwa Anamariya) - 1013233","1","Rwanda Full Scale Research - Randomized and Baselined - Intervention","Cyabami (Kwa Anamariya)","-1.6083400000","29.8911000000","Northern Province","Nemba","Kadehero","Complete","In Service","2554","Suspended Bridge","56.0","5/24/2022","9/8/2022","006f100000d7608AAA","1013233","9/1/2022","2023","Burera"
"Rwanda - Nyabizi ya 1 - 1013496","2","Rwanda Full Scale Research - Randomized and Baselined - Intervention","Nyabizi ya 1","-1.3300100000","29.8255500000","Northern Province","Kinyababa","Rutovu","Complete","In Service","1854","Suspended Bridge","60.0","6/10/2022","10/27/2022","006f100000d7Q9rAAE","1013496","10/1/2022","2023","Burera"
"Rwanda - Banga - 1012550","18","Rwanda Full Scale Research - Randomized and Baselined - Intervention","Banga","-1.6897222000","29.8088800000","Northern Province","Gakenke-Minazi","Ndora-mutara","Identified","Requested","600","","","","12/31/2025","006f100000dhpEmAAI","1012550","12/1/2025","2025","Gakenke"
"Rwanda - Buranga - 1007356","8","Rwanda Full Scale Research - Randomized and Baselined - Long Term Control","Buranga","-1.6397220000","29.7847220000","Northern Province","Nemba","","Rejected","Technical","2958","","","","12/31/2018","006f100000a86DIAAY","1007356","12/1/2018","2018","Gakenke"
"Rwanda - Gitwa - 1007340","7","Rwanda Full Scale Research - Randomized and Baselined - Intervention","Gitwa","-1.7388880000","29.7552770000","Northern Province","Mataba-minazi","Gitwa/gitwa-nyundo/mwanza","Complete","In Service","2860","Suspended Bridge","52.0","5/1/2021","6/30/2021","006f100000a86D2AAI","1007340","6/1/2021","2021","Gakenke"
"Rwanda - Kabutimbo - 1015693","2","Rwanda Full Scale Research - Randomized and Baselined - Intervention","Kabutimbo","-1.6211870000","29.6605690000","Northern Province","Rusasa","Rurembo - kamonyi","Complete","In Service","1280","Suspended Bridge","55.0","3/29/2021","6/28/2021","006f100000fHqCoAAK","1015693","6/1/2021","2021","Gakenke"
"Rwanda - Kirwa - 1013683","11","Rwanda Full Scale Research - Randomized and Baselined - Intervention","Kirwa","-1.6115200000","29.7002600000","Northern Province","Busengo","Butereri/kirwa","Complete","In Service","1240","Suspended Bridge","136.0","1/19/2023","6/2/2023","006f100000d7ieSAAQ","1013683","6/1/2023","2023","Gakenke"
"Rwanda - Kwiterambere - 1013678","4","Rwanda Full Scale Research - Randomized and Baselined - Intervention","Kwiterambere","-1.6634400000","29.8343900000","Northern Province","Gashenyi","Taba/bushita","Complete","In Service","1530","Suspension Bridge","76.0","3/25/2021","6/30/2021","006f100000d7icgAAA","1013678","6/1/2021","2021","Gakenke"
"Rwanda - Musange - 1013668","15","Rwanda Full Scale Research - Randomized and Baselined - Intervention","Musange","-1.6169700000","29.7917200000","Northern Province","Nemba","Mucaca/kiryamo","Identified","","1610","Suspension Bridge","59.0","1/3/2024","3/6/2024","006f100000d7ib4AAA","1013668","3/1/2024","2024","Gakenke"
"Rwanda - Musange kukibuga - 1013670","14","Rwanda Full Scale Research - Randomized and Baselined - Intervention","Musange kukibuga","-1.6364700000","29.7896200000","Northern Province","Nemba","Mucaca/ngahinga","Complete","In Service","1812","Suspension Bridge","105.0","1/16/2023","6/2/2023","006f100000d7ibTAAQ","1013670","6/1/2023","2023","Gakenke"
"Rwanda - Ntaruka - 1007347","1","Rwanda Full Scale Research - Randomized and Baselined - Intervention","Ntaruka","-1.7811111110","29.8791666667","Northern Province","Muhondo-muyongwe","/musenyi/musenyi-/va/gikombe","Complete","In Service","1600","Suspended Bridge","44.0","3/29/2021","6/28/2021","006f100000a86D9AAI","1007347","6/1/2021","2021","Gakenke"
"Rwanda - Nyarusange - 1013792","9","Rwanda Full Scale Research - Randomized and Baselined - Intervention","Nyarusange","-1.7284800000","29.7658900000","Northern Province","Mataba","Nyundo/kabuyora","Complete","In Service","2740","Suspended Bridge","104.0","1/23/2023","6/30/2023","006f100000d7wv0AAA","1013792","6/1/2023","2023","Gakenke"
"Rwanda - Shyira - 1013628","17","Rwanda Full Scale Research - Randomized and Baselined - Intervention","Shyira","-1.6992200000","29.6342220000","Northern Province","Mugunga - Shyira","Mugunga/rutenderi/nyundo","Identified","Requested","4304","","","","12/31/2025","006f100000d7iQfAAI","1013628","12/1/2025","2025","Gakenke"
"Rwanda - Ntora - 1007680","1","Rwanda Full Scale Research - Randomized and Baselined - Long Term Control","Ntora","-1.9164030000","30.0494200000","Kigali","Gatsata Gisozi","Nyamugali-Ruhango","Rejected","Technical","6000","","400.0","","11/28/2018","006f100000a86IWAAY","1007680","11/1/2018","2019","Gasabo"
"Rwanda - Karama - Muhengeri - 1010917","1","Rwanda Full Scale Research - Randomized and Baselined - Intervention","Karama - Muhengeri","-1.6699200000","30.0558500000","Northern Province","Mutete","Muhengeri","Complete","In Service","1619","Suspended Bridge","70.0","5/23/2022","8/29/2022","006f100000c5ivZAAQ","1010917","8/1/2022","2023","Gicumbi"
"Rwanda - Nyagakizi - 1009714","3","Rwanda Full Scale Research - Randomized and Baselined - Intervention","Nyagakizi","-1.5332800000","30.1727000000","Northern Province","Bwisige","Gihuke-Nyagakizi","Complete","In Service","1216","Suspension Bridge","77.0","5/23/2022","8/29/2022","006f100000bMK1XAAW","1009714","8/1/2022","2023","Gicumbi"
"Rwanda - Ruhondo - 1010919","","Rwanda Full Scale Research - Randomized and Baselined - Intervention","Ruhondo","-1.6930480000","30.0697700000","Northern Province","Mutete","Mutandi","Complete","In Service","1177","Suspension Bridge","92.0","8/1/2023","10/13/2023","006f100000c5jCGAAY","1010919","10/1/2023","2024","Gicumbi"
"Rwanda - Bukomeye - Taba - 1007380","2","Rwanda Full Scale Research - Randomized and Baselined - Intervention","Bukomeye - Taba","-2.6605200000","29.7464400000","Southern Province","Mukura","Rango A","Complete","In Service","3581","Suspension Bridge","116.0","7/18/2022","10/17/2022","006f100000a86DgAAI","1007380","10/1/2022","2023","Huye"
"Rwanda - Kanyiramana 2 - 1024587","1","Rwanda Full Scale Research - Randomized and Baselined - Intervention","Kanyiramana 2","-2.4796820000","29.6609460000","Southern Province","Kigoma","Kababaji","Complete","In Service","3761","Suspension Bridge","156.0","5/15/2023","8/18/2023","0063Z00000kdQ8KQAU","1024587","8/1/2023","2023","Huye"
"Rwanda - Bunyonga 1 - 1014322","2","Rwanda Full Scale Research - Randomized and Baselined - Intervention","Bunyonga 1","-1.9349190000","29.8193970000","Southern Province","Karama","Bunyonga","Complete","In Service","2423","Suspended Bridge","54.0","5/16/2022","9/23/2022","006f100000eesd5AAA","1014322","9/1/2022","2023","Kamonyi"
"Rwanda - Gisizi - 1014318","9","Rwanda Full Scale Research - Randomized and Baselined - Intervention","Gisizi","-1.8708680000","29.8776860000","Southern Province","Kayenzi","Kirwa, Marembo","Prospecting","","6357","Suspended Bridge","37.0","4/17/2025","6/30/2025","006f100000eescbAAA","1014318","6/1/2025","2023","Kamonyi"
"Rwanda - Kabuga (Fukwe) - 1014329","1","Rwanda Full Scale Research - Randomized and Baselined - Long Term Control","Kabuga (Fukwe)","-1.8721810000","29.9294200000","Southern Province","Ngamba","Kabuga","Rejected","Technical","6500","","","","12/31/2018","006f100000eesiUAAQ","1014329","12/1/2018","2019","Kamonyi"
"Rwanda - Kadasaya - 1014312","10","Rwanda Full Scale Research - Randomized and Baselined - Intervention","Kadasaya","-2.0416210000","29.9308160000","Southern Province","Rugalika","Bihembe","Identified","Requested","","","","","12/31/2024","006f100000eeqs4AAA","1014312","12/1/2024","2025","Kamonyi"
"Rwanda - Karuruma - 1014292","8","Rwanda Full Scale Research - Randomized and Baselined - Intervention","Karuruma","-2.1067200000","29.8607500000","Southern Province","Nyarubaka","Kigusa/kintama","Under Construction","","8600","Suspended Bridge","60.0","3/25/2025","5/30/2025","006f100000eekhAAAQ","1014292","5/1/2025","2025","Kamonyi"
"Rwanda - Mpombori - 1014283","5","Rwanda Full Scale Research - Randomized and Baselined - Intervention","Mpombori","-2.0851000000","29.8089100000","Southern Province","Nyarubaka","Gitare/mugereke","Complete","In Service","1486","Suspended Bridge","44.0","11/8/2023","12/22/2023","006f100000eekgRAAQ","1014283","12/1/2023","2024","Kamonyi"
"Rwanda - Muhazi - 1014310","6","Rwanda Full Scale Research - Randomized and Baselined - Intervention","Muhazi","-1.8736160000","29.8520210000","Southern Province","Kayenzi","Kirwa","Rejected","Technical","25000","","","2/6/2024","5/11/2024","006f100000eeqqSAAQ","1014310","5/1/2024","2024","Kamonyi"
"Rwanda - Muza - 1014335","3","Rwanda Full Scale Research - Randomized and Baselined - Intervention","Muza","-1.9262090000","29.8142000000","Southern Province","Kayenzi","Kayonza","Complete","In Service","10150","Suspended Bridge","68.0","7/2/2022","10/21/2022","006f100000eessFAAQ","1014335","10/1/2022","2023","Kamonyi"
"Rwanda - Rugarama1 - 1014293","4","Rwanda Full Scale Research - Randomized and Baselined - Intervention","Rugarama1","-2.1096140000","29.8478500000","Southern Province","Nyarubaka","Kigusa/rugarama","Identified","","3107","Suspended Bridge","60.0","8/1/2023","10/20/2023","006f100000eekhFAAQ","1014293","10/1/2023","2024","Kamonyi"
"Rwanda - Rushikiri - 1014330","7","Rwanda Full Scale Research - Randomized and Baselined - Intervention","Rushikiri","-1.9377330000","29.9489000000","Southern Province","Rukoma","Murehe","Complete","In Service","6120","Suspended Bridge","53.0","11/15/2023","12/22/2023","006f100000eesiZAAQ","1014330","12/1/2023","2024","Kamonyi"
"Rwanda - Gasharu - 1014069","2","Rwanda Full Scale Research - Randomized and Baselined - Intervention","Gasharu","-2.1333300000","29.3625000000","Western Province","Rwankuba sector","Gasharu village- Wingwa village & Kigogwe village ( all villages are  in Nyarusanga cell )","Complete","In Service","3021","Suspended Bridge","48.0","7/2/2020","6/8/2021","006f100000d1fTFAAY","1014069","6/1/2021","2021","Karongi"
"Rwanda - Kaduha - 1014039","8","Rwanda Full Scale Research - Randomized and Baselined - Intervention","Kaduha","-2.2343050000","29.4363050000","Western Province","Ruganda-Mutuntu","Nyamugwagwa-Murengezo(Kaduha-Karambo)","Complete","In Service","5357","Suspended Bridge","77.0","3/15/2023","7/7/2023","006f100000d1fNWAAY","1014039","7/1/2023","2023","Karongi"
"Rwanda - Kagarama - 1013867","6","Rwanda Full Scale Research - Randomized and Baselined - Intervention","Kagarama","-2.1383800000","29.3350400000","Western Province","Mubuga sector","Kagarama village ( kagabiro  cell )- jurwe village ( ryaruhanga cell )","Complete","In Service","3886","Suspended Bridge","70.0","11/22/2021","2/18/2022","006f100000d8890AAA","1013867","2/1/2022","2022","Karongi"
"Rwanda - Kucyarwamo - 1013777","7","Rwanda Full Scale Research - Randomized and Baselined - Intervention","Kucyarwamo","-2.0635800000","29.3974200000","Western Province","Rubengera sector","Kagarama village ( Kibirizi cell ) - Kabeza village ( Ruragwe cell )","Cancelled","","2524","Hybrid Suspension Bridge","89.0","","12/30/2024","006f100000d7wXxAAI","1013777","12/1/2024","2025","Karongi"
"Rwanda - Mugonero - 1014056","4","Rwanda Full Scale Research - Randomized and Baselined - Intervention","Mugonero","-2.1476300000","29.3446800000","Western Province","Rwankuba sector","Kanyarusanga village ( Rubazo cell ) - Kigarama  village ( Bisesero cell )","Complete","In Service","540","Suspended Bridge","104.0","7/6/2020","6/25/2021","006f100000d1fPrAAI","1014056","6/1/2021","2021","Karongi"
"Rwanda - Munini I - 1014052","5","Rwanda Full Scale Research - Randomized and Baselined - Intervention","Munini I","-2.1883600000","29.3779300000","Western Province","Rwankuba sector","Nyantwa village ( Bigugu cell ) - Byimana village ( Munini cell )","Complete","In Service","2697","Suspension Bridge","63.0","11/15/2021","2/18/2022","006f100000d1fPNAAY","1014052","2/1/2022","2022","Karongi"
"Rwanda - Nyabikeri - 1014031","1","Rwanda Full Scale Research - Randomized and Baselined - Intervention","Nyabikeri","-2.2090066700","29.4715800000","Western Province","Ruganda","Nyabikeri(Nyabikeri-Gahororo)","Complete","In Service","4001","Hybrid Suspension Bridge","90.0","7/2/2020","6/18/2021","006f100000d1fMsAAI","1014031","6/1/2021","2021","Karongi"
"Rwanda - Nyakabande-Bitaba - 1015561","3","Rwanda Full Scale Research - Randomized and Baselined - Intervention","Nyakabande-Bitaba","-2.1171300000","29.3167200000","Western Province","Mubuga","Kagabiro-Ryaruhanga","Complete","In Service","1945","Hybrid Suspension Bridge","97.0","7/2/2020","6/18/2021","006f100000fHAHXAA4","1015561","6/1/2021","2021","Karongi"
"Rwanda - Hanika - 1013350","15","Rwanda Full Scale Research - Randomized and Baselined - Intervention","Hanika","-1.9771788900","29.6744978700","Southern Province","Mushishiro - Rugendabari","Hanika village ( Rukaragata cell  ) - Nyagasozi  village ( Gasave cell )","Complete","In Service","4970","Suspended Bridge","98.0","9/19/2022","11/24/2022","006f100000d7EZMAA2","1013350","11/1/2022","2023","Muhanga"
"Rwanda - Kamiranzogera - 1012810","13","Rwanda Full Scale Research - Randomized and Baselined - Intervention","Kamiranzogera","-1.9366200000","29.7347100000","Southern Province","Kabacuzi","Between Kabuga village of Kabuye cell and Kamiranzogera village of  Kibyimba cell","Complete","In Service","3200","Suspended Bridge","68.0","9/19/2022","11/30/2022","006f100000d6kt3AAA","1012810","11/1/2022","2023","Muhanga"
"Rwanda - Karama - 1007400","7","Rwanda Full Scale Research - Randomized and Baselined - Intervention","Karama","-2.0732229400","29.7150005300","Southern Province","Muhanga","Between Karama Village and Nyamitanga  Village","Complete","In Service","1820","Suspension Bridge","52.0","10/24/2020","2/12/2021","006f100000a86E0AAI","1007400","2/1/2021","2021","Muhanga"
"Rwanda - Karuvungwa - 1012948","14","Rwanda Full Scale Research - Randomized and Baselined - Intervention","Karuvungwa","-1.9849920000","29.7331400000","Southern Province","Kabacuzi-Muhanga","Mpanga Village (Ngarama cell)-Munzereri village (Remera cell)","Complete","In Service","3400","Suspended Bridge","55.0","2/9/2023","6/20/2023","006f100000d6wBZAAY","1012948","6/1/2023","2023","Muhanga"
"Rwanda - Kwarasita - 1012809","16","Rwanda Full Scale Research - Randomized and Baselined - Intervention","Kwarasita","-1.9249500000","29.7820100000","Southern Province","Kabacuzi  sector","Between Butare cell(Buyoga village)  and Ngoma Cell (Peru village )","Identified","","2101","","180.0","2/15/2025","5/15/2025","006f100000d6kstAAA","1012809","5/1/2025","2025","Muhanga"
"Rwanda - Kwa Rukeratabaro - 1013256","9","Rwanda Full Scale Research - Randomized and Baselined - Intervention","Kwa Rukeratabaro","-1.8383653800","29.6843368500","Southern Province","Kibangu","Nyaruvumu  village ( Mubuga cell ) - Nkondo  village ( Gitega cell )","Complete","In Service","2764","Suspended Bridge","57.0","11/15/2021","3/4/2022","006f100000d761zAAA","1013256","3/1/2022","2022","Muhanga"
"Rwanda - Ngoma - 1012951","6","Rwanda Full Scale Research - Randomized and Baselined - Intervention","Ngoma","-2.0501479900","29.7073720600","Southern Province","Muhanga","Cyurutare village (Nyamirama cell )- Mataba Village (Kanyinya  cell)","Complete","In Service","","Suspended Bridge","135.0","10/24/2020","2/25/2021","006f100000d6wBoAAI","1012951","2/1/2021","2021","Muhanga"
"Rwanda - Nkegete - 1012807","17","Rwanda Full Scale Research - Randomized and Baselined - Intervention","Nkegete","-1.9107800000","29.7737900000","Southern Province","Kabacuzi","Ngoma  Cell (Between Peru Village and Nkegete Village)","Complete","In Service","1441","Suspended Bridge","77.0","4/29/2023","6/29/2023","006f100000d6ksKAAQ","1012807","6/1/2023","2023","Muhanga"
"Rwanda - Ruhunde - 1012956","11","Rwanda Full Scale Research - Randomized and Baselined - Intervention","Ruhunde","-1.7778548900","29.6758752600","Southern Province","Nyabinoni","Gitwa village (Nyarusozi cell ) - Nyarusange  village (Mbuga cell )","Complete","In Service","2851","Suspended Bridge","65.0","9/12/2022","12/6/2022","006f100000d6wCDAAY","1012956","12/1/2022","2023","Muhanga"
"Rwanda - Rusuzumiro - 1013349","18","Rwanda Full Scale Research - Randomized and Baselined - Intervention","Rusuzumiro","-1.9836594500","29.6524531200","Southern Province","Mushishiro","Kabeza  village ( Matyazo  cell ) - Rugerero  village ( Rukaragata cell )","Complete","In Service","4950","Suspended Bridge","65.0","4/10/2023","7/3/2023","006f100000d7EZHAA2","1013349","7/1/2023","2023","Muhanga"
"Rwanda - Rwabagenzi - 1012952","10","Rwanda Full Scale Research - Randomized and Baselined - Intervention","Rwabagenzi","-2.0420245600","29.7725994000","Southern Province","Muhanga","Rwabagenzi -Nyiramarangara (both in Nyamirama cell )","Complete","In Service","4514","Suspension Bridge","78.0","12/2/2021","4/30/2022","006f100000d6wBtAAI","1012952","4/1/2022","2022","Muhanga"
"Rwanda - Shyagari - 1013263","12","Rwanda Full Scale Research - Randomized and Baselined - Intervention","Shyagari","-2.0039303900","29.6755512600","Southern Province","Mushishiro","Kabare village ( Munazi cell) - Nyanza village ( Rwigerero cell )","Complete","In Service","2609","Suspended Bridge","80.0","8/29/2022","11/25/2022","006f100000d762YAAQ","1013263","11/1/2022","2023","Muhanga"
"Rwanda - Rwunga - 1013465","2","Rwanda Full Scale Research - Randomized and Baselined - Intervention","Rwunga","-1.4924190000","29.5733540000","Northern Province","Musanze~shingiro~kimonyi","Nyarubuye~rwambogo~kibuguzo","Cancelled","","1035","Suspended Bridge","55.0","9/1/2023","1/30/2024","006f100000d7Q52AAE","1013465","1/1/2024","2025","Musanze"
"Rwanda - Cyahafi - 1013456","5","Rwanda Full Scale Research - Randomized and Baselined - Long Term Control","Cyahafi","-1.9255600000","29.6074900000","Western Province","Bwira sector","Cyahafi village ( Cyahafi cell ) - Kabirizi village ( ruhindage cell )","Rejected","Technical","3620","","","","12/31/2018","006f100000d7Pr6AAE","1013456","12/1/2018","2019","Ngororero"
"Rwanda - Gasasa - 1013460","4","Rwanda Full Scale Research - Randomized and Baselined - Intervention","Gasasa","-1.9537300000","29.5419800000","Western Province","Bwira - Sovu","Gasasa village ( GASHUBI cell ) - Ruganda village ( Kanyana  cell )","Complete","In Service","3374","Suspended Bridge","45.0","2/22/2021","5/19/2021","006f100000d7PrQAAU","1013460","5/1/2021","2021","Ngororero"
"Rwanda - Gitaba - 1013547","11","Rwanda Full Scale Research - Randomized and Baselined - Long Term Control","Gitaba","-1.7741200000","29.5741600000","Western Province","Kabaya","Bukonde village ( Nyenyeri cell ) - Gitaba village ( Busunzu cell )","Rejected","Technical","4606","","","","12/31/2018","006f100000d7azKAAQ","1013547","12/1/2018","2019","Ngororero"
"Rwanda - Karuhanga - 1013455","16","Rwanda Full Scale Research - Randomized and Baselined - Intervention","Karuhanga","-2.0032300000","29.5765000000","Western Province","Ndaro sector","Gasharu village ( Bitabage  cell ) - Kimirehe village ( kibanda cell )","Complete","In Service","3935","Suspension Bridge","81.0","10/13/2022","1/19/2023","006f100000d7Pr1AAE","1013455","1/1/2023","2023","Ngororero"
"Rwanda - Kibirira - 1007433","1","Rwanda Full Scale Research - Randomized and Baselined - Long Term Control","Kibirira","-1.9307222000","29.6403611000","Western Province","Gatumba","","Rejected","Technical","500","","7.0","","11/5/2018","006f100000a86EXAAY","1007433","11/1/2018","2018","Ngororero"
"Rwanda - Kivomo - 1013451","8","Rwanda Full Scale Research - Randomized and Baselined - Long Term Control","Kivomo","-2.0283900000","29.5727400000","Western Province","Nyange sector","Nyagatama village ( vuganyana cell )-Mbobo village ( vuganyana cell )","Rejected","Technical","3549","","","","12/31/2018","006f100000d7PqDAAU","1013451","12/1/2018","2019","Ngororero"
"Rwanda - Mucyabahinja - 1007426","10","Rwanda Full Scale Research - Randomized and Baselined - Intervention","Mucyabahinja","-1.8198090000","29.6066111000","Western Province","Hindiro-Kageyo","Karambo-Nyagasozi and  Kiribata- Giseke","Complete","In Service","3587","Suspended Bridge","86.0","11/15/2021","3/4/2022","006f100000a86EQAAY","1007426","3/1/2022","2022","Ngororero"
"Rwanda - Muhembe - 1007425","7","Rwanda Full Scale Research - Randomized and Baselined - Intervention","Muhembe","-1.8248700000","29.6138200000","Western Province","Hindiro -Kageyo","Between Gaseke  vilage from Kageyo and Nyagasozi village from Hindiro","Complete","In Service","2102","Suspended Bridge","92.0","2/18/2021","5/19/2021","006f100000a86EPAAY","1007425","5/1/2021","2021","Ngororero"
"Rwanda - Murambi - 1007424","14","Rwanda Full Scale Research - Randomized and Baselined - Intervention","Murambi","-1.8560560700","29.6215039700","Western Province","Ngororero -Kageyo","Murambi","Complete","In Service","1000","Suspended Bridge","78.0","9/6/2021","12/16/2021","006f100000a86EOAAY","1007424","12/1/2021","2022","Ngororero"
"Rwanda - Nyabiyonga - 1013461","9","Rwanda Full Scale Research - Randomized and Baselined - Intervention","Nyabiyonga","-1.9421600000","29.5583500000","Western Province","Bwira - Sovu","Rutembo village ( Bungwe  cell )- gisiza village ( rutovu  cell )","Complete","In Service","4968","Suspended Bridge","70.0","9/6/2021","12/15/2021","006f100000d7PrVAAU","1013461","12/1/2021","2022","Ngororero"
"Rwanda - Nyanza - 1013539","12","Rwanda Full Scale Research - Randomized and Baselined - Long Term Control","Nyanza","-1.7408200000","29.5377700000","Western Province","Kabaya  ( Ngororero ) - Muringa  ( Nyabihu )","Nyanza village - Kamajanga village","Rejected","Technical","4066","","","","12/31/2018","006f100000d7ayMAAQ","1013539","12/1/2018","2019","Ngororero"
"Rwanda - Rugeshi - 1013459","6","Rwanda Full Scale Research - Randomized and Baselined - Intervention","Rugeshi","-1.9603800000","29.5403600000","Western Province","Bwira - Sovu","Rugeshi  village ( GASHUBI cell ) - Ruganda village ( Kanyana cell )","Complete","In Service","3678","Suspended Bridge","110.0","2/18/2021","5/31/2021","006f100000d7PrLAAU","1013459","5/1/2021","2021","Ngororero"
"Rwanda - Rukombe - 1013452","15","Rwanda Full Scale Research - Randomized and Baselined - Long Term Control","Rukombe","-1.9891000000","29.6047000000","Western Province","Ndaro sector","Rutonde village ( Bijyojyo  cell ) - Masoro village ( Kabageshi cell )","Rejected","Technical","4257","","","","12/31/2018","006f100000d7PqSAAU","1013452","12/1/2018","2019","Ngororero"
"Rwanda - Biseke - 1013374","8","Rwanda Full Scale Research - Randomized and Baselined - Long Term Control","Biseke","-1.6613700000","29.5006900000","Western Province","Karago","Gihirwa","Rejected","","8766","","","","10/17/2022","006f100000d7GroAAE","1013374","10/1/2022","2024","Nyabihu"
"Rwanda - Gitinda - 1007453","7","Rwanda Full Scale Research - Randomized and Baselined - Long Term Control","Gitinda","-1.7021500000","29.5130900000","Western Province","Rambura-Mulinga","Kibisabo_Rwantobo","Rejected","Technical","1051","","","","10/17/2022","006f100000a86ErAAI","1007453","10/1/2022","2024","Nyabihu"
"Rwanda - Kamiro - 1007444","3","Rwanda Full Scale Research - Randomized and Baselined - Intervention","Kamiro","-1.6810000000","29.5002400000","Western Province","Rambura","Rugamba_Kibisabo","Complete","In Service","3805","Suspended Bridge","58.0","2/7/2022","6/23/2022","006f100000a86EiAAI","1007444","6/1/2022","2022","Nyabihu"
"Rwanda - Kavumbu - 1013029","1","Rwanda Full Scale Research - Randomized and Baselined - Intervention","Kavumbu","-1.6706900000","29.4683600000","Western Province","Rambura","Mutaho","Complete","In Service","3981","Suspended Bridge","68.0","1/10/2022","4/1/2022","006f100000d6yLbAAI","1013029","4/1/2022","2022","Nyabihu"
"Rwanda - Kigusa - 1013761","6","Rwanda Full Scale Research - Randomized and Baselined - Intervention","Kigusa","-1.7246000000","29.5447800000","Western Province","Mulinga-Jomba","Nkomane","Complete","In Service","3494","Suspended Bridge","75.0","1/12/2023","3/24/2023","006f100000d7kslAAA","1013761","3/1/2023","2023","Nyabihu"
"Rwanda - Kugasumo - 1013377","5","Rwanda Full Scale Research - Randomized and Baselined - Intervention","Kugasumo","-1.6268900000","29.4888400000","Western Province","Jenda-Karago","Nyirakigugu-Cyamabuye","Complete","In Service","2714","Suspended Bridge","90.0","1/5/2023","7/18/2023","006f100000d7Gs3AAE","1013377","7/1/2023","2023","Nyabihu"
"Rwanda - Matyazo - 1013369","2","Rwanda Full Scale Research - Randomized and Baselined - Long Term Control","Matyazo","-1.6469400000","29.4773500000","Western Province","Karago","Busoro_Cyamabuye","Rejected","Technical","4288","","","","12/31/2018","006f100000d7GrPAAU","1013369","12/1/2018","2019","Nyabihu"
"Rwanda - Mukamira - 1007439","4","Rwanda Full Scale Research - Randomized and Baselined - Intervention","Mukamira","-1.6198000000","29.5024400000","Western Province","Mukamira","Jaba_Cyamabuye","Complete","In Service","3006","Suspended Bridge","38.0","11/15/2022","5/18/2023","006f100000a86EdAAI","1007439","5/1/2023","2023","Nyabihu"
"Rwanda - Muturagara-Gatobo - 1013025","9","Rwanda Full Scale Research - Randomized and Baselined - Intervention","Muturagara-Gatobo","1.6725000000","29.5747200000","Western Province","Rurembo","Rwaza","Complete","In Service","2270","Suspended Bridge","96.0","10/27/2023","12/22/2023","006f100000d6yLHAAY","1013025","12/1/2023","2024","Nyabihu"
"Rwanda - Ruyebe - 1013392","11","Rwanda Full Scale Research - Randomized and Baselined - Intervention","Ruyebe","-1.6554900000","29.5186200000","Western Province","Karago","Karengere-Kadahenda","Complete","In Service","2624","Suspended Bridge","48.0","10/27/2023","12/22/2023","006f100000d7GtGAAU","1013392","12/1/2023","2024","Nyabihu"
"Rwanda - Bishenge (Masuma) - 1012983","18","Rwanda Full Scale Research - Randomized and Baselined - Intervention","Bishenge (Masuma)","-2.3459080000","29.4097020000","Southern Province","Nkomane","Mutengeli","Complete","In Service","2818","Hybrid Suspension Bridge","68.0","4/17/2023","7/7/2023","006f100000d6wIKAAY","1012983","7/1/2023","2023","Nyamagabe"
"Rwanda - Kagarama - 1013226","15","Rwanda Full Scale Research - Randomized and Baselined - Long Term Control","Kagarama","-2.5215172200","29.5878311000","Southern Province","Kamegeri","Kizi-Gasumba","Identified","Requested","3709","Suspended Bridge","","3/28/2023","6/2/2023","006f100000d75zZAAQ","1013226","6/1/2023","2023","Nyamagabe"
"Rwanda - Kibiraro - 1007499","17","Rwanda Full Scale Research - Randomized and Baselined - Intervention","Kibiraro","-2.2945230000","29.5551600000","Southern Province","Kaduha","Murambi","Complete","In Service","2492","Suspended Bridge","80.0","2/14/2022","6/24/2022","006f100000a86FbAAI","1007499","6/1/2022","2022","Nyamagabe"
"Rwanda - Mugote - 1007477","13","Rwanda Full Scale Research - Randomized and Baselined - Intervention","Mugote","-2.4477333000","29.4145533300","Southern Province","Buruhukiro","Kizimyamuriro","Complete","In Service","1720","Suspended Bridge","60.0","8/9/2021","11/9/2021","006f100000a86FFAAY","1007477","11/1/2021","2022","Nyamagabe"
"Rwanda - Mujerenge - 1007463","14","Rwanda Full Scale Research - Randomized and Baselined - Intervention","Mujerenge","-2.4519566700","29.4276650000","Southern Province","Buruhukiro","Bushigishigi","Complete","In Service","995","Suspended Bridge","70.0","8/9/2021","11/22/2021","006f100000a86F1AAI","1007463","11/1/2021","2022","Nyamagabe"
"Rwanda - Munanira - 1013583","16","Rwanda Full Scale Research - Randomized and Baselined - Intervention","Munanira","-2.3963160000","29.5777760000","Southern Province","Kibirizi-Mbazi","Karambo-Ngambe","Complete","In Service","4717","Suspended Bridge","62.0","2/14/2022","10/7/2022","006f100000d7bIlAAI","1013583","10/1/2022","2023","Nyamagabe"
"Rwanda - Mutiwingoma - 1007481","8","Rwanda Full Scale Research - Randomized and Baselined - Intervention","Mutiwingoma","-2.3640850000","29.5533590000","Southern Province","Mbazi-Kaduha","Mutiwingoma","Complete","In Service","2601","Suspension Bridge","120.0","7/7/2020","11/6/2020","006f100000a86FJAAY","1007481","11/1/2020","2021","Nyamagabe"
"Rwanda - Nyakabuye - Nkomane - 1007495","6","Rwanda Full Scale Research - Randomized and Baselined - Intervention","Nyakabuye - Nkomane","-2.2335740000","29.5753660000","Southern Province","Musange","Gasave","Complete","In Service","2790","Suspension Bridge","78.0","7/7/2020","10/23/2020","006f100000a86FXAAY","1007495","10/1/2020","2021","Nyamagabe"
"Rwanda - Rurongora - 1012816","9","Rwanda Full Scale Research - Randomized and Baselined - Intervention","Rurongora","-2.3415200000","29.4663290000","Southern Province","Musebeya-kaduha","Nyarurambi","Complete","In Service","1962","Suspended Bridge","96.0","8/9/2021","11/12/2021","006f100000d6kx0AAA","1012816","11/1/2021","2022","Nyamagabe"
"Rwanda - Rwangambibi - 1007465","12","Rwanda Full Scale Research - Randomized and Baselined - Intervention","Rwangambibi","-2.3451160000","29.4338700000","Southern Province","Gatare","Shyeru","Complete","In Service","3475","Suspended Bridge","83.0","8/9/2021","11/12/2021","006f100000a86F3AAI","1007465","11/1/2021","2022","Nyamagabe"
"Rwanda - Rwasa - 1013422","11","Rwanda Full Scale Research - Randomized and Baselined - Intervention","Rwasa","-2.4176333300","29.5556750000","Southern Province","Kibumbwe-Kibirizi","Bwenda-Bugarura","Complete","In Service","3582","Suspended Bridge","70.0","8/9/2021","11/5/2021","006f100000d7JDHAA2","1013422","11/1/2021","2022","Nyamagabe"
"Rwanda - Sovu - 1013225","10","Rwanda Full Scale Research - Randomized and Baselined - Intervention","Sovu","-2.5105316700","29.5358216700","Southern Province","Kamegeri","Kamegeri-Nyamigina","Complete","In Service","3540","Suspended Bridge","43.0","8/9/2021","11/8/2021","006f100000d75zUAAQ","1013225","11/1/2021","2022","Nyamagabe"
"Rwanda - Uwumugeti-Kigusa - 1012997","7","Rwanda Full Scale Research - Randomized and Baselined - Intervention","Uwumugeti-Kigusa","-2.5407150000","29.5038380000","Southern Province","Tare","Nkumbure-Gatovu","Complete","In Service","2762","Suspended Bridge","55.0","6/20/2020","9/22/2020","006f100000d6wNyAAI","1012997","9/1/2020","2020","Nyamagabe"
"Rwanda - Bisheke - 1007508","13","Rwanda Full Scale Research - Randomized and Baselined - Long Term Control","Bisheke","-2.2807620000","29.2062950000","Western Province","Macuba - Kirinda","Mutongo~ Muhororo","Rejected","Technical","2338","","","","12/31/2018","006f100000a86FkAAI","1007508","12/1/2018","2019","Nyamasheke"
"Rwanda - Bizenga - 1014138","8","Rwanda Full Scale Research - Randomized and Baselined - Intervention","Bizenga","-2.3362600000","29.1414590000","Western Province","Kanjongo","Kibogora-kigarama","Prospecting","","2262","Truss Bridge","24.0","","12/31/2024","006f100000d1hIkAAI","1014138","12/1/2024","2023","Nyamasheke"
"Rwanda - Gacumbi - 1013567","1","Rwanda Full Scale Research - Randomized and Baselined - Long Term Control","Gacumbi","-2.2629500000","29.1899090000","Western Province","Kirimbi","Muhororo","Rejected","Technical","1888","Suspension Bridge","46.0","","7/2/2020","006f100000d7b6QAAQ","1013567","7/1/2020","2022","Nyamasheke"
"Rwanda - Gasihe - 1013894","5","Rwanda Full Scale Research - Randomized and Baselined - Intervention","Gasihe","-2.3608760000","29.1573740000","Western Province","Kanjongo","Raro","Complete","In Service","2762","Suspended Bridge","92.0","11/15/2021","2/23/2022","006f100000d88IbAAI","1013894","2/1/2022","2022","Nyamasheke"
"Rwanda - Gisiza - 1013898","14","Rwanda Full Scale Research - Randomized and Baselined - Intervention","Gisiza","-2.3533350000","29.1473360000","Western Province","Kanjongo","Raro~ Gako","Complete","In Service","3100","Suspended Bridge","105.0","10/17/2022","1/31/2023","006f100000d88KhAAI","1013898","1/1/2023","2023","Nyamasheke"
"Rwanda - Kamatsira - 1013899","6","Rwanda Full Scale Research - Randomized and Baselined - Intervention","Kamatsira","-2.4075940000","29.1634240000","Western Province","Rangiro","Gakenke ~ Murambi","Complete","In Service","3221","Suspended Bridge","57.0","11/10/2021","2/21/2022","006f100000d88KmAAI","1013899","2/1/2022","2022","Nyamasheke"
"Rwanda - Karambo - 1013886","16","Rwanda Full Scale Research - Randomized and Baselined - Intervention","Karambo","-2.2212680000","29.2560190000","Western Province","Mahembe~ Gihombo","Nyagatare~ kibingo","Complete","In Service","7086","Suspended Bridge","86.0","10/10/2022","4/26/2023","006f100000d88DlAAI","1013886","4/1/2023","2023","Nyamasheke"
"Rwanda - Kavumu - 1014119","18","Rwanda Full Scale Research - Randomized and Baselined - Intervention","Kavumu","-2.3760800000","29.1645500000","Western Province","Rangiro_Kanjongo","Murambi-Susa","Complete","In Service","4871","Suspended Bridge","80.0","9/19/2022","12/12/2022","006f100000d1hDLAAY","1014119","12/1/2022","2023","Nyamasheke"
"Rwanda - Kigandi - 1013692","2","Rwanda Full Scale Research - Randomized and Baselined - Intervention","Kigandi","-2.3260020000","29.1653310000","Western Province","Macuba ~ kanjongo","Vugangoma","Complete","In Service","2825","Suspended Bridge","64.0","6/15/2021","9/21/2021","006f100000d7ix5AAA","1013692","9/1/2021","2022","Nyamasheke"
"Rwanda - Mugaseke - 1013721","10","Rwanda Full Scale Research - Randomized and Baselined - Intervention","Mugaseke","-2.2169380000","29.2834850000","Western Province","Mahembe","Gisoke","Complete","In Service","2412","Suspended Bridge","65.0","11/15/2021","2/15/2022","006f100000d7jEuAAI","1013721","2/1/2022","2022","Nyamasheke"
"Rwanda - Nonwe - 1013717","15","Rwanda Full Scale Research - Randomized and Baselined - Intervention","Nonwe","-2.2247490000","29.2910240000","Western Province","Mahembe","Gisoke","Complete","In Service","2133","Suspended Bridge","68.0","9/23/2022","12/2/2022","006f100000d7jEVAAY","1013717","12/1/2022","2023","Nyamasheke"
"Rwanda - Nyabihunyira - 1014011","12","Rwanda Full Scale Research - Randomized and Baselined - Intervention","Nyabihunyira","-2.5541960000","29.0434920000","Western Province","Karengera~ nyakabuye","Higiro~ nyabintare","Complete","In Service","10588","Suspended Bridge","78.0","3/2/2022","5/27/2022","006f100000d1f2TAAQ","1014011","5/1/2022","2022","Nyamasheke"
"Rwanda - Nyagisasa - 1013895","3","Rwanda Full Scale Research - Randomized and Baselined - Intervention","Nyagisasa","-2.3430730000","29.1404220000","Western Province","Kanjongo","kibogora~Raro","Complete","In Service","7124","Suspension Bridge","114.0","5/31/2021","10/4/2021","006f100000d88IgAAI","1013895","10/1/2021","2022","Nyamasheke"
"Rwanda - Nyakabingo - 1013568","4","Rwanda Full Scale Research - Randomized and Baselined - Long Term Control","Nyakabingo","-2.2794660000","29.1999710000","Western Province","Kirimbi","Muhororo","Rejected","Technical","1838","","","","7/2/2020","006f100000d7b6VAAQ","1013568","7/1/2020","2022","Nyamasheke"
"Rwanda - Peru - 1013563","7","Rwanda Full Scale Research - Randomized and Baselined - Long Term Control","Peru","-2.3047470000","29.2193340000","Western Province","Macuba","Gatare","Rejected","Technical","2955","","","","12/14/2018","006f100000d7b66AAA","1013563","12/1/2018","2019","Nyamasheke"
"Rwanda - Rudehero - 1014134","17","Rwanda Full Scale Research - Randomized and Baselined - Long Term Control","Rudehero","-2.3784500000","29.1393000000","Western Province","Rangiro-Kagano","Jurwe-Gako","Rejected","Technical","9782","","","","12/31/2018","006f100000d1hH3AAI","1014134","12/1/2018","2019","Nyamasheke"
"Rwanda - Ruhabwa - 1014009","11","Rwanda Full Scale Research - Randomized and Baselined - Long Term Control","Ruhabwa","-2.5156450000","29.0440020000","Western Province","Karengera","Mwezi","Rejected","Technical","8483","","","","11/5/2018","006f100000d1f2JAAQ","1014009","11/1/2018","2019","Nyamasheke"
"Rwanda - Bibumba - 1013275","5","Rwanda Full Scale Research - Randomized and Baselined - Intervention","Bibumba","-2.2794000000","29.8712000000","Southern Province","Kigoma - Ntongwe","Murinja - Kareba","Complete","In Service","3152","Suspension Bridge","140.0","3/23/2023","6/30/2023","006f100000d7678AAA","1013275","6/1/2023","2023","Nyanza"
"Rwanda - Cyarera - 1007528","1","Rwanda Full Scale Research - Randomized and Baselined - Intervention","Cyarera","-2.2924800000","29.6160800000","Southern Province","Cyabakamyi-Musange","Karama - Gasagara","Complete","In Service","1967","Suspension Bridge","150.0","7/11/2022","10/14/2022","006f100000a86G4AAI","1007528","10/1/2022","2023","Nyanza"
"Rwanda - Gasharu - 1012831","6","Rwanda Full Scale Research - Randomized and Baselined - Intervention","Gasharu","-2.3142200000","29.6933600000","Southern Province","Rwabicuma - Cyabakamyi","Cyerezo - Nyabinyenga","Complete","In Service","3531","Suspended Bridge","45.0","3/20/2023","5/21/2023","006f100000d6mYGAAY","1012831","5/1/2023","2023","Nyanza"
"Rwanda - Kamabuye - 1013011","3","Rwanda Full Scale Research - Randomized and Baselined - Intervention","Kamabuye","-2.3002400000","29.6845000000","Southern Province","Cyabakamyi - Mukingo","Nyabinyenga - Cyerezo","Complete","In Service","4710","Suspended Bridge","52.0","2/3/2023","6/13/2023","006f100000d6wRfAAI","1013011","6/1/2023","2023","Nyanza"
"Rwanda - Kamushi - 1012830","4","Rwanda Full Scale Research - Randomized and Baselined - Intervention","Kamushi","-2.3354200000","29.6725100000","Southern Province","Rwabicuma - Cyabakamyi","Nyarusange - Nyabinyenga","Complete","In Service","3708","Suspended Bridge","59.0","3/5/2023","6/2/2023","006f100000d6mY6AAI","1012830","6/1/2023","2023","Nyanza"
"Rwanda - Mamashenge - 1013273","7","Rwanda Full Scale Research - Randomized and Baselined - Intervention","Mamashenge","-2.3057700000","29.7954800000","Southern Province","Kigoma","Butara - Butansinda","Complete","In Service","2147","Suspended Bridge","58.0","10/30/2023","12/22/2023","006f100000d766yAAA","1013273","12/1/2023","2024","Nyanza"
"Rwanda - Mweya - 1007522","8","Rwanda Full Scale Research - Randomized and Baselined - Long Term Control","Mweya","-2.3299900000","29.6421600000","Southern Province","Cyabakamyi-Nyagisozi","Mweya","Rejected","Technical","2992","","","","12/30/2024","006f100000a86FyAAI","1007522","12/1/2024","2024","Nyanza"
"Rwanda - Karukina - 1014268","5","Rwanda Full Scale Research - Randomized and Baselined - Long Term Control","Karukina","-2.0180670000","30.0080650000","Kigali","Mageragere","Kankuba","Rejected","Technical","","","","","12/31/2018","006f100000eekYPAAY","1014268","12/1/2018","2019","Nyarugenge"
"Rwanda - Mpanga - 1014265","1","Rwanda Full Scale Research - Randomized and Baselined - Long Term Control","Mpanga","-2.0638000000","30.0279000000","Kigali","Mageragere","Runzenze","Rejected","Technical","12213","","","","12/31/2018","006f100000eekXqAAI","1014265","12/1/2018","2019","Nyarugenge"
"Rwanda - Nyabirondo - 1014264","2","Rwanda Full Scale Research - Randomized and Baselined - Long Term Control","Nyabirondo","2.0541660000","30.0475000000","Kigali","Mageragere","Nyarurenzi","Rejected","Technical","5098","","","","12/31/2018","006f100000eekXlAAI","1014264","12/1/2018","2019","Nyarugenge"
"Rwanda - Nyarubuye - 1014267","4","Rwanda Full Scale Research - Randomized and Baselined - Long Term Control","Nyarubuye","-2.0492500000","29.9857300000","Kigali","Mageragere","Kivumu","Rejected","Technical","3484","","","","12/31/2018","006f100000eekYFAAY","1014267","12/1/2018","2019","Nyarugenge"
"Rwanda - Nyarusange - 1014269","3","Rwanda Full Scale Research - Randomized and Baselined - Intervention","Nyarusange","-1.8948400000","29.9969300000","Kigali","Kanyinya","Taba","Complete","In Service","4378","Suspended Bridge","132.0","11/6/2020","3/4/2021","006f100000eekYUAAY","1014269","3/1/2021","2021","Nyarugenge"
"Rwanda - Bukoro - 1014129","10","Rwanda Full Scale Research - Randomized and Baselined - Intervention","Bukoro","-2.6126166700","29.5086866700","Southern Province","Ruramba_Kivu","Gabiro_Kivu","Complete","In Service","4359","Suspended Bridge","75.0","8/15/2024","10/10/2024","006f100000d1hGAAAY","1014129","10/1/2024","2024","Nyaruguru"
"Rwanda - Gasugi - 1007570","17","Rwanda Full Scale Research - Randomized and Baselined - Intervention","Gasugi","-2.6974300000","29.4333900000","Southern Province","Nyabimata","Ruhinga","Identified","","5413","","","1/27/2025","5/1/2025","006f100000a86GkAAI","1007570","5/1/2025","2025","Nyaruguru"
"Rwanda - Gihemvu - 1014150","6","Rwanda Full Scale Research - Randomized and Baselined - Intervention","Gihemvu","-2.6999000000","29.4919500000","Southern Province","Nyabimata_Muganza","Gihemvu-Muganza","Identified","","","Suspended Bridge","94.0","1/9/2024","3/29/2025","006f100000d1hNQAAY","1014150","3/1/2025","2025","Nyaruguru"
"Rwanda - Munanira - 1007556","16","Rwanda Full Scale Research - Randomized and Baselined - Intervention","Munanira","-2.7356120000","29.5668530000","Southern Province","Munini","","Identified","","1137","Suspended Bridge","115.0","1/21/2023","4/18/2023","006f100000a86GWAAY","1007556","4/1/2023","2023","Nyaruguru"
"Rwanda - Ruyenzi - 1007582","15","Rwanda Full Scale Research - Randomized and Baselined - Intervention","Ruyenzi","-2.7557220000","29.4549170000","Southern Province","Ruheru-Nyabimata","Ruyenzi-Kabere(Ruyenzi-Uwigisura)","Identified","","4903","Suspended Bridge","88.0","12/5/2025","3/13/2025","006f100000a86GwAAI","1007582","3/1/2025","2025","Nyaruguru"
"Rwanda - Rwaninka - 1013736","11","Rwanda Full Scale Research - Randomized and Baselined - Intervention","Rwaninka","-2.7331620000","29.5206080000","Southern Province","Munini-Ruheru","Ntwali-Gite","Identified","","3580","Suspended Bridge","108.0","12/5/2024","3/20/2025","006f100000d7jImAAI","1013736","3/1/2025","2025","Nyaruguru"
"Rwanda - Gashasho - 1007600","6","Rwanda Full Scale Research - Randomized and Baselined - Intervention","Gashasho","-1.7133300000","29.3925000000","Western Province","Kanama","Karambo/ndongoshoru","Complete","In Service","1013","Suspended Bridge","62.0","8/15/2022","12/14/2022","006f100000a86HEAAY","1007600","12/1/2022","2023","Rubavu"
"Rwanda - Mucyuzi - 1014006","7","Rwanda Full Scale Research - Randomized and Baselined - Intervention","Mucyuzi","-1.6943500000","29.3010200000","Western Province","Nyundo","Terimbere/rambura","Identified","","857","Other","12.0","6/29/2022","9/24/2022","006f100000d1e0iAAA","1014006","9/1/2022","2022","Rubavu"
"Rwanda - Mushepari - 1012811","2","Rwanda Full Scale Research - Randomized and Baselined - Intervention","Mushepari","-1.6963880000","29.2730550000","Western Province","Rugerero","Rwaza/gateko-rwaza/mushoko","Complete","In Service","1900","Suspension Bridge","42.0","8/15/2022","11/1/2022","006f100000d6kvJAAQ","1012811","11/1/2022","2023","Rubavu"
"Rwanda - Gihororo - 1010427","1","Rwanda Full Scale Research - Randomized and Baselined - Intervention","Gihororo","-2.1211700000","29.6109000000","Southern Province","kinihira","Bweramvura","Complete","In Service","1408","Suspension Bridge","120.0","4/24/2023","6/26/2023","006f100000bh0JKAAY","1010427","6/1/2023","2023","Ruhango"
"Rwanda - Gaseke - 1013747","3","Rwanda Full Scale Research - Randomized and Baselined - Long Term Control","Gaseke","-1.6608200000","30.0507600000","Northern Province","Kisaro","Gitatsa-Kigarama","Identified","","4830","","","","12/31/2018","006f100000d7kjZAAQ","1013747","12/1/2018","2018","Rulindo"
"Rwanda - Gihinga - 1007637","13","Rwanda Full Scale Research - Randomized and Baselined - Intervention","Gihinga","-1.7531780000","30.0197890000","Northern Province","Cyinzuzi","KIDOGO","Complete","In Service","3861","Suspended Bridge","110.0","8/8/2023","11/3/2023","006f100000a86HpAAI","1007637","11/1/2023","2024","Rulindo"
"Rwanda - Gitovu - 1007649","2","Rwanda Full Scale Research - Randomized and Baselined - Intervention","Gitovu","-1.6226900000","29.8903600000","Northern Province","Base-Cyungo","Rwamahwa/ Cyungo","Complete","In Service","2155","Suspended Bridge","75.0","7/11/2022","10/8/2022","006f100000a86I1AAI","1007649","10/1/2022","2023","Rulindo"
"Rwanda - Kabuga - 1013762","4","Rwanda Full Scale Research - Randomized and Baselined - Intervention","Kabuga","-1.8204000000","30.0140100000","Northern Province","Murambi-Ngoma","Mvuzo-Munyarwanda","Complete","In Service","1462","Suspended Bridge","40.0","7/11/2022","12/10/2022","006f100000d7ktAAAQ","1013762","12/1/2022","2023","Rulindo"
"Rwanda - Mitabi - 1007647","7","Rwanda Full Scale Research - Randomized and Baselined - Intervention","Mitabi","-1.7481700000","30.0308100000","Northern Province","Burega","Karengeri","Complete","In Service","2832","Suspended Bridge","50.0","8/1/2023","10/29/2023","006f100000a86HzAAI","1007647","10/1/2023","2024","Rulindo"
"Rwanda - Muduha - 1007617","5","Rwanda Full Scale Research - Randomized and Baselined - Intervention","Muduha","-1.7244100000","30.0589000000","Northern Province","Burega-Buyoga","Rutangamundu-Gahororo","Complete","In Service","800","Suspension Bridge","52.0","7/11/2022","10/28/2022","006f100000a86HVAAY","1007617","10/1/2022","2023","Rulindo"
"Rwanda - Mukaka - 1012800","1","Rwanda Full Scale Research - Randomized and Baselined - Intervention","Mukaka","-1.6214700000","29.9671200000","Northern Province","Rukozo-Miyove","Mbuye-Miyove","Complete","In Service","2456","Suspension Bridge","118.0","3/7/2022","6/10/2022","006f100000d6kr4AAA","1012800","6/1/2022","2022","Rulindo"
"Rwanda - Nyarurama - 1007630","9","Rwanda Full Scale Research - Randomized and Baselined - Intervention","Nyarurama","-1.7549700000","30.0842200000","Northern Province","Ntarabana-Mutete","Nyarurama-Kagarama","Complete","In Service","2556","Suspended Bridge","103.0","8/1/2023","10/22/2023","006f100000a86HiAAI","1007630","10/1/2023","2024","Rulindo"
"Rwanda - Rusumo - 1013737","12","Rwanda Full Scale Research - Randomized and Baselined - Intervention","Rusumo","-1.6541300000","30.0151700000","Northern Province","Kisaro_Miyove","Sayo_Gakenke","Complete","In Service","4340","Suspended Bridge","59.0","8/21/2023","11/17/2023","006f100000d7jMtAAI","1013737","11/1/2023","2024","Rulindo"
"Rwanda - Kabingo1 - 1014099","2","Rwanda Full Scale Research - Randomized and Baselined - Intervention","Kabingo1","-2.5883670000","29.0953240000","Western Province","Butare","Gatereri/nyakibanda","Complete","In Service","6500","Suspended Bridge","98.0","6/20/2022","10/6/2022","006f100000d1fWJAAY","1014099","10/1/2022","2023","Rusizi"
"Rwanda - Kiyovu-buhanda - 1014094","3","Rwanda Full Scale Research - Randomized and Baselined - Intervention","Kiyovu-buhanda","-2.7018300000","29.0302900000","Western Province","Bugarama","Pera/buhanga","Complete","In Service","1259","Hybrid Suspension Bridge","86.0","6/20/2022","11/3/2022","006f100000d1fVpAAI","1014094","11/1/2022","2023","Rusizi"
"Rwanda - Rwengezi - 1014104","1","Rwanda Full Scale Research - Randomized and Baselined - Intervention","Rwengezi","-2.5874400000","29.1061100000","Western Province","Butare","Rwambogo","Complete","In Service","5996","Suspended Bridge","120.0","6/1/2022","9/22/2022","006f100000d1fjmAAA","1014104","9/1/2022","2023","Rusizi"
"Rwanda - Bahimba - 1013626","9","Rwanda Full Scale Research - Randomized and Baselined - Intervention","Bahimba","-1.7628000000","29.3077700000","Western Province","Kivumu","Kabere/burambo","Complete","In Service","1428","Suspended Bridge","64.0","10/24/2022","1/27/2023","006f100000d7iQBAAY","1013626","1/1/2023","2023","Rutsiro"
"Rwanda - Bukungu - 1013639","8","Rwanda Full Scale Research - Randomized and Baselined - Intervention","Bukungu","-1.8049500000","29.3045200000","Western Province","Kigeyo","Buhindure","Complete","In Service","6052","Suspended Bridge","48.0","10/17/2022","1/23/2023","006f100000d7iU8AAI","1013639","1/1/2023","2023","Rutsiro"
"Rwanda - Gakoyi - 1013654","4","Rwanda Full Scale Research - Randomized and Baselined - Intervention","Gakoyi","-1.8543700000","29.2859700000","Western Province","Bushonyi","Kaguriro","Cancelled","","660","","","","12/31/2024","006f100000d7iXbAAI","1013654","12/1/2024","2025","Rutsiro"
"Rwanda - Rusayo - 1012004","10","Rwanda Full Scale Research - Randomized and Baselined - Intervention","Rusayo","-1.9622200000","29.4613880000","Western Province","Rusebeya-manihira-mushubati","Kabona/byiniro-haniro/rukondo-gitwa/rububa","Complete","In Service","2200","Suspended Bridge","108.0","10/17/2022","1/31/2023","006f100000cx4bNAAQ","1012004","1/1/2023","2023","Rutsiro"
"Rwanda - Rutanzogera - 1007672","11","Rwanda Full Scale Research - Randomized and Baselined - Intervention","Rutanzogera","-1.9555500000","29.9516600000","Western Province","Rusebeya","Ruronde-gashubi","Complete","In Service","3437","Suspended Bridge","82.0","10/17/2022","5/5/2023","006f100000a86IOAAY","1007672","5/1/2023","2023","Rutsiro"
